-- SQLite Database Dump
-- Generated: 2026-02-20 13:54:42
-- Database: smartfarm_myweb.db
--

BEGIN TRANSACTION;
CREATE TABLE relay_configs_db
                     (relay_index INTEGER PRIMARY KEY,
                      config TEXT,
                      updated_at DATETIME DEFAULT CURRENT_TIMESTAMP);
INSERT INTO "relay_configs_db" VALUES(0,'{"target": 35.0, "condition": "<", "param": "soil_hum"}','2026-02-20 02:58:19');
INSERT INTO "relay_configs_db" VALUES(1,'{"target1": 28, "condition1": "<", "param1": "temp", "target2": 75, "condition2": "<", "param2": "hum", "logic": "OR"}','2026-02-20 03:48:29');
INSERT INTO "relay_configs_db" VALUES(2,'{"target": 200.0, "condition": ">", "param": "lux"}','2026-02-20 04:15:49');
INSERT INTO "relay_configs_db" VALUES(3,'{"target": 60.0, "condition": "<", "param": "soil_hum"}','2026-02-20 04:16:00');
INSERT INTO "relay_configs_db" VALUES(4,'{"target": 35.0, "condition": ">", "param": "soil_hum"}','2026-02-20 03:47:14');
INSERT INTO "relay_configs_db" VALUES(5,'{"target": 35.0, "condition": "<", "param": "soil_hum"}','2026-02-20 02:58:19');
INSERT INTO "relay_configs_db" VALUES(6,'{"target": 0.0, "condition": ">", "param": "soil_hum"}','2026-02-20 03:48:55');
INSERT INTO "relay_configs_db" VALUES(7,'{"target": 150.0, "condition": "<", "param": "lux"}','2026-02-20 02:58:19');
INSERT INTO "relay_configs_db" VALUES(8,'{"target": 50.0, "condition": "<", "param": "soil_hum"}','2026-02-20 02:58:19');
INSERT INTO "relay_configs_db" VALUES(9,'{"target1": 28.0, "condition1": ">", "param1": "temp", "target2": 75.0, "condition2": ">", "param2": "hum", "logic": "OR"}','2026-02-20 02:58:19');
INSERT INTO "relay_configs_db" VALUES(10,'{"target": 150.0, "condition": "<", "param": "lux"}','2026-02-20 02:58:19');
INSERT INTO "relay_configs_db" VALUES(11,'{"target": 50.0, "condition": "<", "param": "soil_hum"}','2026-02-20 02:58:19');
CREATE TABLE relay_history
                     (id INTEGER PRIMARY KEY AUTOINCREMENT,
                      timestamp DATETIME DEFAULT CURRENT_TIMESTAMP,
                      relay_index INTEGER,
                      state BOOLEAN,
                      mode TEXT);
INSERT INTO "relay_history" VALUES(1,'2026-02-20 03:04:34',2,1,'MANUAL');
INSERT INTO "relay_history" VALUES(2,'2026-02-20 03:04:35',2,0,'MANUAL');
INSERT INTO "relay_history" VALUES(3,'2026-02-20 03:04:54',4,1,'MANUAL');
INSERT INTO "relay_history" VALUES(4,'2026-02-20 03:04:55',4,0,'MANUAL');
INSERT INTO "relay_history" VALUES(5,'2026-02-20 03:41:10',2,1,'MANUAL');
INSERT INTO "relay_history" VALUES(6,'2026-02-20 03:41:11',2,0,'MANUAL');
INSERT INTO "relay_history" VALUES(7,'2026-02-20 03:46:37',1,1,'MANUAL');
INSERT INTO "relay_history" VALUES(8,'2026-02-20 03:46:37',1,0,'MANUAL');
INSERT INTO "relay_history" VALUES(9,'2026-02-20 03:46:38',1,1,'MANUAL');
INSERT INTO "relay_history" VALUES(10,'2026-02-20 03:46:40',1,1,'MANUAL');
INSERT INTO "relay_history" VALUES(11,'2026-02-20 03:46:40',1,0,'MANUAL');
INSERT INTO "relay_history" VALUES(12,'2026-02-20 03:46:41',1,1,'MANUAL');
INSERT INTO "relay_history" VALUES(13,'2026-02-20 03:46:49',3,1,'MANUAL');
INSERT INTO "relay_history" VALUES(14,'2026-02-20 03:46:50',3,0,'MANUAL');
INSERT INTO "relay_history" VALUES(15,'2026-02-20 03:46:53',2,1,'MANUAL');
INSERT INTO "relay_history" VALUES(16,'2026-02-20 03:46:54',2,0,'MANUAL');
INSERT INTO "relay_history" VALUES(17,'2026-02-20 03:46:57',1,0,'MANUAL');
INSERT INTO "relay_history" VALUES(18,'2026-02-20 03:47:48',1,1,'MANUAL');
INSERT INTO "relay_history" VALUES(19,'2026-02-20 03:47:49',1,0,'MANUAL');
INSERT INTO "relay_history" VALUES(20,'2026-02-20 03:47:50',3,1,'MANUAL');
INSERT INTO "relay_history" VALUES(21,'2026-02-20 03:47:51',3,0,'MANUAL');
INSERT INTO "relay_history" VALUES(22,'2026-02-20 03:48:19',3,1,'MANUAL');
INSERT INTO "relay_history" VALUES(23,'2026-02-20 03:48:20',3,0,'MANUAL');
INSERT INTO "relay_history" VALUES(24,'2026-02-20 03:50:57',3,1,'MANUAL');
INSERT INTO "relay_history" VALUES(25,'2026-02-20 03:50:58',2,1,'MANUAL');
INSERT INTO "relay_history" VALUES(26,'2026-02-20 03:51:01',3,0,'MANUAL');
INSERT INTO "relay_history" VALUES(27,'2026-02-20 03:51:01',2,0,'MANUAL');
INSERT INTO "relay_history" VALUES(28,'2026-02-20 03:51:03',10,1,'MANUAL');
INSERT INTO "relay_history" VALUES(29,'2026-02-20 03:51:03',10,0,'MANUAL');
INSERT INTO "relay_history" VALUES(30,'2026-02-20 03:51:46',4,1,'MANUAL');
INSERT INTO "relay_history" VALUES(31,'2026-02-20 03:51:48',4,0,'MANUAL');
INSERT INTO "relay_history" VALUES(32,'2026-02-20 03:51:49',4,1,'MANUAL');
INSERT INTO "relay_history" VALUES(33,'2026-02-20 03:51:50',4,0,'MANUAL');
INSERT INTO "relay_history" VALUES(34,'2026-02-20 04:04:50',3,1,'MANUAL');
INSERT INTO "relay_history" VALUES(35,'2026-02-20 04:04:51',3,0,'MANUAL');
INSERT INTO "relay_history" VALUES(36,'2026-02-20 04:04:51',3,1,'MANUAL');
INSERT INTO "relay_history" VALUES(37,'2026-02-20 04:04:51',3,0,'MANUAL');
INSERT INTO "relay_history" VALUES(38,'2026-02-20 04:04:52',3,1,'MANUAL');
INSERT INTO "relay_history" VALUES(39,'2026-02-20 04:04:52',3,0,'MANUAL');
INSERT INTO "relay_history" VALUES(40,'2026-02-20 04:04:52',3,1,'MANUAL');
INSERT INTO "relay_history" VALUES(41,'2026-02-20 04:04:52',3,0,'MANUAL');
INSERT INTO "relay_history" VALUES(42,'2026-02-20 04:04:53',3,1,'MANUAL');
INSERT INTO "relay_history" VALUES(43,'2026-02-20 04:04:54',3,0,'MANUAL');
INSERT INTO "relay_history" VALUES(44,'2026-02-20 04:15:17',2,1,'MANUAL');
INSERT INTO "relay_history" VALUES(45,'2026-02-20 04:15:17',2,0,'MANUAL');
INSERT INTO "relay_history" VALUES(46,'2026-02-20 04:31:41',1,1,'MANUAL');
INSERT INTO "relay_history" VALUES(47,'2026-02-20 04:31:42',1,0,'MANUAL');
CREATE TABLE sensors 
                     (id INTEGER PRIMARY KEY AUTOINCREMENT,
                      timestamp DATETIME DEFAULT CURRENT_TIMESTAMP,
                      air_temp REAL, air_hum REAL,
                      soil_1_hum REAL, soil_1_ph REAL, soil_1_n REAL, soil_1_p REAL, soil_1_k REAL,
                      soil_2_hum REAL,
                      env_lux REAL, env_co2 REAL);
INSERT INTO "sensors" VALUES(1464,'2026-02-20 12:39:45',28.5,35.8,99.4,7.5,207.0,525.0,522.0,90.7,127.0,658.0);
INSERT INTO "sensors" VALUES(1465,'2026-02-20 12:39:50',28.4,35.9,100.0,7.5,205.0,520.0,516.0,90.7,126.0,662.0);
INSERT INTO "sensors" VALUES(1466,'2026-02-20 12:39:55',28.5,35.8,100.0,7.5,208.0,528.0,524.0,90.7,123.0,658.0);
INSERT INTO "sensors" VALUES(1467,'2026-02-20 12:40:00',28.5,35.8,100.0,7.5,205.0,520.0,516.0,90.2,124.0,652.0);
INSERT INTO "sensors" VALUES(1468,'2026-02-20 12:40:05',28.5,35.8,100.0,7.5,206.0,522.0,519.0,90.8,126.0,646.0);
INSERT INTO "sensors" VALUES(1469,'2026-02-20 12:40:10',28.5,35.8,100.0,7.5,198.0,505.0,501.0,90.7,126.0,637.0);
INSERT INTO "sensors" VALUES(1470,'2026-02-20 12:40:15',28.5,35.9,100.0,7.5,207.0,525.0,522.0,90.7,125.0,637.0);
INSERT INTO "sensors" VALUES(1471,'2026-02-20 12:40:20',28.5,35.8,100.0,7.5,205.0,520.0,516.0,90.7,124.0,640.0);
INSERT INTO "sensors" VALUES(1472,'2026-02-20 12:40:25',28.5,35.8,100.0,7.5,205.0,520.0,516.0,90.7,125.0,641.0);
INSERT INTO "sensors" VALUES(1473,'2026-02-20 12:40:30',28.5,35.8,100.0,7.5,169.0,437.0,433.0,90.7,125.0,641.0);
INSERT INTO "sensors" VALUES(1474,'2026-02-20 12:40:35',28.5,35.8,100.0,7.5,205.0,520.0,516.0,90.7,127.0,633.0);
INSERT INTO "sensors" VALUES(1475,'2026-02-20 12:40:40',28.5,35.8,100.0,7.5,184.0,472.0,468.0,90.7,127.0,630.0);
INSERT INTO "sensors" VALUES(1476,'2026-02-20 12:40:45',28.5,35.8,100.0,7.5,206.0,522.0,519.0,90.7,126.0,633.0);
INSERT INTO "sensors" VALUES(1477,'2026-02-20 12:40:50',28.5,35.8,100.0,7.5,220.0,555.0,551.0,90.7,127.0,639.0);
INSERT INTO "sensors" VALUES(1478,'2026-02-20 12:40:55',28.5,35.8,100.0,7.5,206.0,522.0,519.0,91.1,124.0,636.0);
INSERT INTO "sensors" VALUES(1479,'2026-02-20 12:41:00',28.5,35.7,98.1,7.5,152.0,398.0,393.0,90.7,127.0,640.0);
INSERT INTO "sensors" VALUES(1480,'2026-02-20 12:41:05',28.5,35.7,100.0,7.5,202.0,513.0,509.0,90.7,127.0,648.0);
INSERT INTO "sensors" VALUES(1481,'2026-02-20 12:41:10',28.5,35.8,96.3,7.5,207.0,525.0,522.0,90.7,127.0,652.0);
INSERT INTO "sensors" VALUES(1482,'2026-02-20 12:41:15',28.5,35.8,100.0,7.5,205.0,520.0,516.0,90.3,126.0,651.0);
INSERT INTO "sensors" VALUES(1483,'2026-02-20 12:41:20',28.5,35.6,100.0,7.5,205.0,520.0,516.0,90.7,127.0,648.0);
INSERT INTO "sensors" VALUES(1484,'2026-02-20 12:41:25',28.5,35.7,100.0,7.5,208.0,528.0,524.0,90.7,125.0,642.0);
INSERT INTO "sensors" VALUES(1485,'2026-02-20 12:41:30',28.5,35.7,100.0,7.5,205.0,520.0,516.0,90.7,127.0,639.0);
INSERT INTO "sensors" VALUES(1486,'2026-02-20 12:41:35',28.5,35.7,100.0,7.5,163.0,424.0,419.0,90.7,125.0,641.0);
INSERT INTO "sensors" VALUES(1487,'2026-02-20 12:41:40',28.5,35.7,98.5,7.5,206.0,522.0,519.0,90.7,127.0,646.0);
INSERT INTO "sensors" VALUES(1488,'2026-02-20 12:41:45',28.5,35.7,100.0,7.5,193.0,493.0,488.0,90.7,125.0,646.0);
INSERT INTO "sensors" VALUES(1489,'2026-02-20 12:41:50',28.5,35.7,100.0,7.5,206.0,522.0,519.0,90.7,127.0,647.0);
INSERT INTO "sensors" VALUES(1490,'2026-02-20 12:41:55',28.5,35.7,96.7,7.5,221.0,558.0,554.0,90.7,125.0,655.0);
INSERT INTO "sensors" VALUES(1491,'2026-02-20 12:42:00',28.5,35.8,100.0,7.5,205.0,520.0,516.0,90.7,127.0,661.0);
INSERT INTO "sensors" VALUES(1492,'2026-02-20 12:42:05',28.5,35.7,98.1,7.5,208.0,528.0,524.0,90.7,127.0,668.0);
INSERT INTO "sensors" VALUES(1493,'2026-02-20 12:42:10',28.5,35.8,100.0,7.5,205.0,520.0,516.0,90.2,126.0,675.0);
INSERT INTO "sensors" VALUES(1494,'2026-02-20 12:42:15',28.5,35.7,95.1,7.5,217.0,549.0,545.0,90.7,126.0,675.0);
INSERT INTO "sensors" VALUES(1495,'2026-02-20 12:42:20',28.5,35.8,100.0,7.5,241.0,603.0,599.0,90.7,126.0,674.0);
INSERT INTO "sensors" VALUES(1496,'2026-02-20 12:42:25',28.5,35.7,95.0,7.5,206.0,522.0,519.0,90.7,126.0,677.0);
INSERT INTO "sensors" VALUES(1497,'2026-02-20 12:42:30',28.5,35.8,100.0,7.5,197.0,502.0,498.0,90.7,126.0,672.0);
INSERT INTO "sensors" VALUES(1498,'2026-02-20 12:42:35',28.5,35.8,96.7,7.5,205.0,520.0,516.0,90.7,126.0,664.0);
INSERT INTO "sensors" VALUES(1499,'2026-02-20 12:42:40',28.5,35.8,100.0,7.5,340.0,833.0,831.0,90.7,124.0,659.0);
INSERT INTO "sensors" VALUES(1500,'2026-02-20 12:42:45',28.5,35.7,100.0,7.5,206.0,522.0,519.0,90.7,123.0,665.0);
INSERT INTO "sensors" VALUES(1501,'2026-02-20 12:42:50',28.5,35.8,99.4,7.5,243.0,608.0,605.0,90.7,124.0,671.0);
INSERT INTO "sensors" VALUES(1502,'2026-02-20 12:42:55',28.5,35.8,100.0,7.5,207.0,525.0,522.0,90.7,126.0,673.0);
INSERT INTO "sensors" VALUES(1503,'2026-02-20 12:43:00',28.5,35.8,100.0,7.5,217.0,549.0,545.0,90.7,126.0,680.0);
INSERT INTO "sensors" VALUES(1504,'2026-02-20 12:43:05',28.5,35.9,100.0,7.5,205.0,520.0,516.0,90.7,123.0,676.0);
INSERT INTO "sensors" VALUES(1505,'2026-02-20 12:43:10',28.5,35.9,95.4,7.5,221.0,558.0,554.0,90.7,123.0,675.0);
INSERT INTO "sensors" VALUES(1506,'2026-02-20 12:43:15',28.5,35.9,100.0,7.5,193.0,493.0,488.0,90.7,124.0,672.0);
INSERT INTO "sensors" VALUES(1507,'2026-02-20 12:43:20',28.5,35.9,94.8,7.5,206.0,522.0,519.0,90.7,126.0,672.0);
INSERT INTO "sensors" VALUES(1508,'2026-02-20 12:43:25',28.5,35.9,100.0,7.5,206.0,522.0,519.0,90.7,124.0,666.0);
INSERT INTO "sensors" VALUES(1509,'2026-02-20 12:43:30',28.5,35.9,99.9,7.5,207.0,525.0,522.0,90.7,125.0,668.0);
INSERT INTO "sensors" VALUES(1510,'2026-02-20 12:43:35',28.5,35.9,100.0,7.5,251.0,626.0,623.0,90.7,123.0,665.0);
INSERT INTO "sensors" VALUES(1511,'2026-02-20 12:43:40',28.5,35.9,100.0,7.5,205.0,520.0,516.0,90.7,123.0,663.0);
INSERT INTO "sensors" VALUES(1512,'2026-02-20 12:43:45',28.5,35.9,100.0,7.5,297.0,734.0,732.0,90.7,125.0,656.0);
INSERT INTO "sensors" VALUES(1513,'2026-02-20 12:43:50',28.5,35.9,100.0,7.5,206.0,522.0,519.0,90.7,123.0,655.0);
INSERT INTO "sensors" VALUES(1514,'2026-02-20 12:43:55',28.5,35.9,100.0,7.5,206.0,522.0,519.0,90.7,125.0,650.0);
INSERT INTO "sensors" VALUES(1515,'2026-02-20 12:44:00',28.5,35.9,100.0,7.5,205.0,520.0,516.0,90.7,123.0,650.0);
INSERT INTO "sensors" VALUES(1516,'2026-02-20 12:44:05',28.5,35.9,97.6,7.5,351.0,858.0,857.0,90.7,124.0,654.0);
INSERT INTO "sensors" VALUES(1517,'2026-02-20 12:44:10',28.5,35.9,100.0,7.5,205.0,520.0,516.0,90.7,125.0,661.0);
INSERT INTO "sensors" VALUES(1518,'2026-02-20 12:44:15',28.5,35.9,94.8,7.5,207.0,525.0,522.0,90.7,123.0,668.0);
INSERT INTO "sensors" VALUES(1519,'2026-02-20 12:44:20',28.5,35.9,100.0,7.5,203.0,516.0,512.0,90.7,125.0,674.0);
INSERT INTO "sensors" VALUES(1520,'2026-02-20 12:44:25',28.5,35.9,99.9,7.5,208.0,528.0,524.0,90.7,125.0,669.0);
INSERT INTO "sensors" VALUES(1521,'2026-02-20 12:44:30',28.5,35.9,100.0,7.5,206.0,522.0,519.0,90.7,125.0,667.0);
INSERT INTO "sensors" VALUES(1522,'2026-02-20 12:44:35',28.5,35.9,95.4,7.5,205.0,520.0,516.0,90.7,124.0,669.0);
INSERT INTO "sensors" VALUES(1523,'2026-02-20 12:44:40',28.5,35.9,100.0,7.5,201.0,510.0,506.0,90.7,125.0,665.0);
INSERT INTO "sensors" VALUES(1524,'2026-02-20 12:44:45',28.5,36.0,97.6,7.5,206.0,522.0,519.0,90.7,126.0,656.0);
INSERT INTO "sensors" VALUES(1525,'2026-02-20 12:44:50',28.5,36.0,100.0,7.5,228.0,573.0,569.0,90.7,125.0,653.0);
INSERT INTO "sensors" VALUES(1526,'2026-02-20 12:44:55',28.5,36.1,97.6,7.5,206.0,522.0,519.0,90.7,123.0,662.0);
INSERT INTO "sensors" VALUES(1527,'2026-02-20 12:45:00',28.5,36.2,100.0,7.5,232.0,582.0,578.0,90.7,123.0,668.0);
INSERT INTO "sensors" VALUES(1528,'2026-02-20 12:45:05',28.5,36.2,100.0,7.5,205.0,520.0,516.0,90.7,125.0,668.0);
INSERT INTO "sensors" VALUES(1529,'2026-02-20 12:45:10',28.5,36.1,97.6,7.5,210.0,531.0,527.0,90.8,123.0,675.0);
INSERT INTO "sensors" VALUES(1530,'2026-02-20 12:45:15',28.5,36.1,100.0,7.5,206.0,522.0,519.0,90.7,125.0,676.0);
INSERT INTO "sensors" VALUES(1531,'2026-02-20 12:45:20',28.5,36.1,95.4,7.5,212.0,537.0,533.0,90.7,126.0,675.0);
INSERT INTO "sensors" VALUES(1532,'2026-02-20 12:45:25',28.5,36.1,100.0,7.5,206.0,522.0,519.0,90.5,124.0,678.0);
INSERT INTO "sensors" VALUES(1533,'2026-02-20 12:45:30',28.5,36.1,97.2,7.5,205.0,520.0,516.0,90.7,123.0,678.0);
INSERT INTO "sensors" VALUES(1534,'2026-02-20 12:45:35',28.5,36.2,100.0,7.5,205.0,520.0,516.0,90.7,125.0,677.0);
INSERT INTO "sensors" VALUES(1535,'2026-02-20 12:45:40',28.5,36.2,97.2,7.5,207.0,525.0,522.0,90.7,126.0,675.0);
INSERT INTO "sensors" VALUES(1536,'2026-02-20 12:45:45',28.5,36.2,100.0,7.5,203.0,516.0,512.0,90.7,124.0,670.0);
INSERT INTO "sensors" VALUES(1537,'2026-02-20 12:45:50',28.5,36.1,97.6,7.5,206.0,522.0,519.0,90.7,123.0,668.0);
INSERT INTO "sensors" VALUES(1538,'2026-02-20 12:45:55',28.5,36.0,100.0,7.5,198.0,505.0,501.0,90.7,124.0,663.0);
INSERT INTO "sensors" VALUES(1539,'2026-02-20 12:46:00',28.5,36.0,100.0,7.5,206.0,522.0,519.0,90.7,125.0,667.0);
INSERT INTO "sensors" VALUES(1540,'2026-02-20 12:46:05',28.5,36.0,100.0,7.5,210.0,531.0,527.0,90.7,124.0,667.0);
INSERT INTO "sensors" VALUES(1541,'2026-02-20 12:46:10',28.5,36.1,97.2,7.5,206.0,522.0,519.0,90.7,126.0,668.0);
INSERT INTO "sensors" VALUES(1542,'2026-02-20 12:46:15',28.6,36.1,100.0,7.5,210.0,531.0,527.0,90.7,125.0,675.0);
INSERT INTO "sensors" VALUES(1543,'2026-02-20 12:46:20',28.6,36.1,100.0,7.5,206.0,522.0,519.0,90.7,124.0,676.0);
INSERT INTO "sensors" VALUES(1544,'2026-02-20 12:46:25',28.6,36.1,100.0,7.5,203.0,516.0,512.0,90.7,122.0,676.0);
INSERT INTO "sensors" VALUES(1545,'2026-02-20 12:46:30',28.5,36.1,100.0,7.5,205.0,520.0,516.0,90.7,123.0,672.0);
INSERT INTO "sensors" VALUES(1546,'2026-02-20 12:46:35',28.6,36.1,100.0,7.5,216.0,546.0,542.0,90.7,124.0,670.0);
INSERT INTO "sensors" VALUES(1547,'2026-02-20 12:46:40',28.6,36.1,100.0,7.5,205.0,520.0,516.0,90.7,125.0,664.0);
INSERT INTO "sensors" VALUES(1548,'2026-02-20 12:46:45',28.5,36.0,97.6,7.5,207.0,525.0,522.0,90.7,126.0,661.0);
INSERT INTO "sensors" VALUES(1549,'2026-02-20 12:46:50',28.5,36.0,100.0,7.5,203.0,516.0,512.0,90.7,126.0,659.0);
INSERT INTO "sensors" VALUES(1550,'2026-02-20 12:46:55',28.6,36.1,100.0,7.5,208.0,528.0,524.0,90.7,124.0,660.0);
INSERT INTO "sensors" VALUES(1551,'2026-02-20 12:47:00',28.5,36.1,100.0,7.5,205.0,520.0,516.0,90.7,124.0,661.0);
INSERT INTO "sensors" VALUES(1552,'2026-02-20 12:47:05',28.5,36.1,100.0,7.5,207.0,525.0,522.0,90.7,124.0,660.0);
INSERT INTO "sensors" VALUES(1553,'2026-02-20 12:47:10',28.5,36.1,100.0,7.5,175.0,451.0,447.0,90.7,125.0,664.0);
INSERT INTO "sensors" VALUES(1554,'2026-02-20 12:47:15',28.5,36.1,96.7,7.5,206.0,522.0,519.0,90.7,126.0,664.0);
INSERT INTO "sensors" VALUES(1555,'2026-02-20 12:47:20',28.5,36.1,100.0,7.5,205.0,520.0,516.0,90.7,126.0,663.0);
INSERT INTO "sensors" VALUES(1556,'2026-02-20 12:47:25',28.6,36.1,96.7,7.5,206.0,522.0,519.0,90.7,125.0,666.0);
INSERT INTO "sensors" VALUES(1557,'2026-02-20 12:47:30',28.6,36.1,100.0,7.5,166.0,430.0,425.0,90.7,123.0,670.0);
INSERT INTO "sensors" VALUES(1558,'2026-02-20 12:47:35',28.5,36.1,100.0,7.5,206.0,522.0,519.0,90.7,124.0,674.0);
INSERT INTO "sensors" VALUES(1559,'2026-02-20 12:47:40',28.6,36.1,100.0,7.5,300.0,739.0,737.0,90.7,126.0,670.0);
INSERT INTO "sensors" VALUES(1560,'2026-02-20 12:47:45',28.6,36.1,100.0,7.5,206.0,522.0,519.0,90.7,126.0,673.0);
INSERT INTO "sensors" VALUES(1561,'2026-02-20 12:47:50',28.6,36.1,100.0,7.5,159.0,413.0,408.0,90.7,126.0,671.0);
INSERT INTO "sensors" VALUES(1562,'2026-02-20 12:47:55',28.6,36.1,100.0,7.5,206.0,522.0,519.0,90.7,127.0,671.0);
INSERT INTO "sensors" VALUES(1563,'2026-02-20 12:48:00',28.6,36.1,100.0,7.5,197.0,502.0,498.0,90.7,126.0,675.0);
CREATE TABLE system_state 
                     (key TEXT PRIMARY KEY, value TEXT, updated_at DATETIME DEFAULT CURRENT_TIMESTAMP);
DELETE FROM "sqlite_sequence";
INSERT INTO "sqlite_sequence" VALUES('sensors',1563);
INSERT INTO "sqlite_sequence" VALUES('relay_history',47);
COMMIT;
